{
    "books": [{
        "category": "cooking",
        "title": {
            "en": "Everyday Italian"
        },
        "author": "Giada De Laurentiis",
        "year": 2005,
        "price": 30.00
    }, {
        "category": "children",
        "title": {
            "en": "Harry Potter"
        },
        "author": "J K. Rowling",
        "year": 2005,
        "price": 29.99
    }, {
        "category": "web",
        "title": {
            "en": "Learning XML"
        },
        "author": "Erik T. Ray",
        "year": 2003,
        "price": 39.95
    }]
}